{"cameraMode":{"drawMode":0,"name":"Shaded","section":"Shading Mode"},"sceneLighting":false,"audioPlay":false,"sceneViewState":{"showFog":true,"showMaterialUpdate":true,"showSkybox":false,"showFlares":true,"showImageEffects":true,"showParticleSystems":true},"in2DMode":false,"pivot":{"x":0.7160078287124634,"y":0.7833923101425171,"z":-1.4299342632293702},"rotation":{"x":0.411525696516037,"y":0.47477957606315615,"z":-0.26744362711906435,"w":0.730555534362793},"size":0.377543181180954,"orthographic":false}