{"cameraMode":{"drawMode":0,"name":"Shaded","section":"Shading Mode"},"sceneLighting":true,"audioPlay":false,"sceneViewState":{"showFog":true,"showMaterialUpdate":true,"showSkybox":true,"showFlares":true,"showImageEffects":true,"showParticleSystems":true},"in2DMode":false,"pivot":{"x":-32.60531997680664,"y":-34.55040740966797,"z":-110.37371826171875},"rotation":{"x":0.012445035390555859,"y":-0.9864341020584106,"z":0.13699856400489808,"w":0.08960835635662079},"size":64.27271270751953,"orthographic":false}