{"cameraMode":{"drawMode":0,"name":"Shaded","section":"Shading Mode"},"sceneLighting":true,"audioPlay":false,"sceneViewState":{"showFog":true,"showMaterialUpdate":false,"showSkybox":true,"showFlares":true,"showImageEffects":true,"showParticleSystems":true},"in2DMode":false,"pivot":{"x":-0.5984539985656738,"y":1.2035038471221924,"z":-1.3223539590835572},"rotation":{"x":0.032079607248306277,"y":0.7427809238433838,"z":0.035681288689374927,"w":-0.6678175330162048},"size":0.40581202507019045,"orthographic":false}