{"cameraMode":{"drawMode":0,"name":"Shaded","section":"Shading Mode"},"sceneLighting":true,"audioPlay":false,"sceneViewState":{"showFog":true,"showMaterialUpdate":true,"showSkybox":true,"showFlares":true,"showImageEffects":true,"showParticleSystems":true},"in2DMode":false,"pivot":{"x":-2.6968955993652345,"y":-0.3638343811035156,"z":4.056179046630859},"rotation":{"x":0.22797353565692902,"y":-0.11436104774475098,"z":0.0269489586353302,"w":0.9666570425033569},"size":4.676175594329834,"orthographic":false}