{"cameraMode":{"drawMode":0,"name":"Shaded","section":"Shading Mode"},"sceneLighting":true,"audioPlay":false,"sceneViewState":{"showFog":true,"showMaterialUpdate":false,"showSkybox":true,"showFlares":true,"showImageEffects":true,"showParticleSystems":true},"in2DMode":false,"pivot":{"x":0.05678117275238037,"y":1.057059645652771,"z":-1.4083027839660645},"rotation":{"x":0.0015602431958541275,"y":-0.9966042637825012,"z":-0.019436297938227655,"w":-0.08000130206346512},"size":1.0294514894485474,"orthographic":false}