{"cameraMode":{"drawMode":0,"name":"Shaded","section":"Shading Mode"},"sceneLighting":true,"audioPlay":false,"sceneViewState":{"showFog":true,"showMaterialUpdate":false,"showSkybox":true,"showFlares":true,"showImageEffects":true,"showParticleSystems":true},"in2DMode":false,"pivot":{"x":-0.17307744920253755,"y":0.4570595920085907,"z":-1.1130106449127198},"rotation":{"x":0.06116003170609474,"y":0.5806938409805298,"z":-0.0438050739467144,"w":0.8106531500816345},"size":0.6151638627052307,"orthographic":true}